canonical_smi,inchikey_nostereo,lambda_max_exp_nm,gp_pred,gp_std,PBE0 DFT E isomer pi-pi* wavelength in nm,TPSSh/6-31G** DFT E isomer pi-pi* wavelength in nm,CAM-B3LYP/6-31G** DFT E isomer pi-pi* wavelength in nm,BHLYP/6-31G* DFT E isomer pi-pi* wavelength in nm
Cc1noc(C)c1/N=N/c1c(Cl)cccc1Cl,YNVVMYSFXMBMKE-UHFFFAOYSA-N,297.0,458.9852702665179,103.07036722486168,,,,
Brc1cc(Br)c(/N=N/c2c(Br)cc(Br)cc2Br)c(Br)c1,KJKRSCLLAYRBIS-UHFFFAOYSA-N,302.0,465.4094728544837,90.12766701308344,328.0,,298.0,
Fc1cc(F)c(F)c(/N=N/c2c(F)c(F)cc(F)c2F)c1F,HQSLIVCCMCKVMW-UHFFFAOYSA-N,303.0,429.08831600551616,90.24681041883746,,,338.0,
Fc1cccc(F)c1/N=N/c1c(F)cccc1F,GXJTVZCEUFPUFI-UHFFFAOYSA-N,305.0,417.9639326271449,84.91078159542718,,,339.0,
COc1cccc(OC)c1/N=N/c1c(C)nn(C)c1C,ZNDHQLSUSGXLHP-UHFFFAOYSA-N,307.0,408.2808082019305,103.83214590905469,,,287.0,
Fc1cccc(F)c1/N=N/c1ccccc1,FNYUQQKAQPFIIJ-UHFFFAOYSA-N,309.0,396.49840918516094,87.49550138997958,,,341.0,
Fc1cc(F)c(/N=N/c2c(F)cc(F)cc2F)c(F)c1,HMLFKPVOBDCWOV-UHFFFAOYSA-N,309.0,468.24478457167567,91.20866655620263,,,342.0,
Cc1noc(C)c1/N=N/c1c(F)cccc1F,JXILHNKXPDFPCS-UHFFFAOYSA-N,309.0,415.49585210826075,107.02098383065264,,,,
Cn1nnc(N=Nc2ccccc2)n1,IABQAYISANLSNB-UHFFFAOYSA-N,310.0,353.7305230933813,99.24651685334317,305.0,,,
Fc1c(F)c(F)c(/N=N/c2c(F)c(F)c(F)c(F)c2F)c(F)c1F,JLMLUOQMPDZUFW-UHFFFAOYSA-N,310.0,465.3954525031164,88.02988116789108,,,,
Cn1cnc(N=Nc2ccccc2)n1,LZNZBRVKZZWNLD-UHFFFAOYSA-N,310.0,386.4155964538384,97.4875967086407,306.0,,,
CCOC(=O)c1cc(F)c(/N=N/c2c(F)cccc2F)c(F)c1,QKIVZCPJLUOMQU-UHFFFAOYSA-N,310.0,374.40215712468773,97.70575155315849,,,353.0,
O=C1COc2ccccc2/N=N\c2ccccc2OCC(=O)O[C@H]2[C@H](OCc3ccccc3)[C@@H](OCc3ccccc3)[C@H](Sc3ccccc3)O[C@@H]2CO1,RTGCTODXSWSGIZ-UHFFFAOYSA-N,310.0,363.2672003184306,133.28081802447716,,,,
COc1ccccc1/N=N/c1c(C)noc1C,LGQVBDFWRLUZET-UHFFFAOYSA-N,311.0,386.4299563927383,109.20253323077183,,,,
O=[N+]([O-])c1cccc(/N=N/c2cccc([N+](=O)[O-])c2)c1,SYXZBJMDUGLCBV-UHFFFAOYSA-N,311.0,385.1590065192709,83.76858217819314,339.0,,319.0,
COc1cccc(/N=N/c2c(C)noc2C)c1,VVWCQTFDBWEJJS-UHFFFAOYSA-N,312.0,441.3390020657182,107.77015292230134,,,,
Cc1noc(C)c1/N=N/c1ccc(C(F)(F)F)cc1,WVCHMHBJQLQSDT-UHFFFAOYSA-N,312.0,411.4280322133469,110.80783090188606,,,,
FC(F)(F)c1ccc(/N=N/c2ccc(C(F)(F)F)cc2)cc1,CQHZRYVXUANNRW-UHFFFAOYSA-N,313.0,404.09305475954227,84.9255875084576,335.0,,322.0,
CN(C)c1ccncc1/N=N/c1ccccc1,CSZDGBQEBYVMMN-UHFFFAOYSA-N,313.0,412.48568524811697,101.12672066828127,,,,
Cc1noc(C)c1/N=N/c1cccc(O)c1,XNLYSMYDATZRHP-UHFFFAOYSA-N,313.0,458.3924585473301,105.15180311521638,,,,
Cc1noc(C)c1/N=N/c1cccc(C(F)(F)F)c1,GNMNWVYKOIYIIF-UHFFFAOYSA-N,314.0,415.4614644044892,111.94638571891313,,,,
CCOC(=O)c1cc(F)c(/N=N/c2c(F)cc(C(=O)OCC)cc2F)c(F)c1,MTFFFSUIRIUNCP-UHFFFAOYSA-N,314.0,406.94386614383853,93.19353298580475,,,,
CC(=O)Nc1cccc(/N=N/c2c(C)noc2C)c1,BZLJDZFXIBSLBO-UHFFFAOYSA-N,315.0,441.9997628084317,113.69986302797274,,,,
Cc1noc(C)c1/N=N/c1cccc(Cl)c1,DDCDVFXSOIMTHH-UHFFFAOYSA-N,315.0,442.5740804214591,103.981465956585,,,,
Cc1noc(C)c1/N=N/c1cc(F)cc(F)c1,DNKZYNZZYITUQD-UHFFFAOYSA-N,315.0,468.0172278593648,108.38833219606067,,,,
Cc1noc(C)c1/N=N/c1cccc(N)c1,HMRDPKXPLIZPQI-UHFFFAOYSA-N,315.0,517.7650017820293,107.9173539358874,,,,
FC(F)(F)c1ccc(/N=N/c2ccccc2)cc1,PWESFWBCEFITQH-UHFFFAOYSA-N,315.0,384.2642718476778,85.24456363379275,339.0,,327.0,
Cc1noc(C)c1/N=N/c1cccc(F)c1,QIZXKEOJZIZUSP-UHFFFAOYSA-N,315.0,445.50360162551914,109.56306013007321,,,,
Cc1noc(C)c1/N=N/c1ccccc1,XZVZHUGZPXUOPC-UHFFFAOYSA-N,315.0,423.60198484222093,100.6260670081959,,,334.0,
Cc1noc(C)c1/N=N/c1cccc(Br)c1,ZRKWAUOCDZTOCR-UHFFFAOYSA-N,315.0,459.3834158985956,109.50140831381078,,,,
Cc1cccc(C)c1/N=N/c1ccccc1,DZNGDSIUMXXSQX-UHFFFAOYSA-N,316.0,382.816931703032,85.93766977876926,332.0,,318.0,
CCOC(=O)c1cc(F)c(/N=N/c2ccccc2)c(F)c1,GBROTAFOQOAPTF-UHFFFAOYSA-N,316.0,387.6290839888843,93.93349028924699,,,350.0,
CCOC(=O)c1ccc(/N=N/c2c(F)cccc2F)cc1,LUXXJPPWUQLTRT-UHFFFAOYSA-N,316.0,408.4518837394113,97.74741588640839,,,354.0,
Cc1noc(C)c1/N=N/c1cccnc1,PQBKCMKVRFUWEW-UHFFFAOYSA-N,316.0,471.53616907646284,109.29524026249673,,,,
Cn1cc(/N=N/c2c(F)cccc2F)cn1,ZMIJWCIBRKTKNH-UHFFFAOYSA-N,316.0,401.84243036931775,105.53716068027491,,,258.0,
FC(F)(F)c1ccccc1/N=N/c1ccccc1,GFEOPUCZLZUCHA-UHFFFAOYSA-N,317.0,390.1507366294454,96.17830281510618,342.0,,330.0,
FC(F)(F)c1ccccc1/N=N/c1ccccc1C(F)(F)F,YEBGREBWFVQFDM-UHFFFAOYSA-N,317.0,412.4707367628816,92.55609263166865,343.0,,330.0,
Cc1noc(C)c1/N=N/c1ccccc1[N+](=O)[O-],CGLQEIVUHVTQHN-UHFFFAOYSA-N,318.0,436.0991378145963,105.99887496824867,,,,
Cc1noc(C)c1/N=N/c1ccc(F)cc1,QCJRPHFIMDRUBQ-UHFFFAOYSA-N,318.0,439.26086611299644,107.31140364920435,,,,
Cc1noc(C)c1/N=N/c1cc(Cl)ccc1Cl,FXBLWOJWNPWLLS-UHFFFAOYSA-N,320.0,485.59647013322365,117.77405178121461,,,,
Cn1ccc(N=Nc2ccccc2)n1,HOZDTXOQNOROEJ-UHFFFAOYSA-N,320.0,384.3411637585156,99.16388153349945,311.0,,,
Brc1cccc(/N=N/c2cccc(Br)c2)c1,VEVQNDVHZNOSHX-UHFFFAOYSA-N,320.0,441.01897972591814,83.58895314042122,349.0,,322.0,
Fc1cccc(/N=N/c2cccc(F)c2)c1,XGZUVWDFPZDZAQ-UHFFFAOYSA-N,320.0,400.11541452361166,85.3250511276004,345.0,,322.0,
c1cc(/N=N/c2ccn[nH]2)[nH]n1,XNQLMPZKLZSICC-UHFFFAOYSA-N,320.0,417.5481968486816,91.41833656551017,,,,
Clc1cccc(/N=N/c2cccc(Cl)c2)c1,ZAUXEPYLONOZEK-UHFFFAOYSA-N,320.0,385.83804250910396,79.97502160992268,346.0,,322.0,
CCOC(=O)c1ccc(/N=N/c2c(F)cc(C(=O)OCC)cc2F)cc1,ZGSSULSAXFRGCK-UHFFFAOYSA-N,320.0,430.12254317571495,96.34918567070709,,,363.0,
Brc1cccc(/N=N/c2ccccc2)c1,FMNSVCUNXLMOSA-UHFFFAOYSA-N,321.0,418.8938845832844,84.96840251979742,343.0,,324.0,
N#Cc1ccc(/N=N/c2ccccc2)cc1,KFGLGJJFHLSWSU-UHFFFAOYSA-N,321.0,411.9100729237179,80.22783793214491,352.0,,331.0,
Cc1noc(C)c1/N=N/c1ccccc1Br,KSMFUJYMWCZIJG-UHFFFAOYSA-N,321.0,429.45837185437534,109.19504375995405,,,,
Cc1noc(C)c1/N=N/c1ccccc1Cl,OHPURHSNLBQQGZ-UHFFFAOYSA-N,321.0,432.6204141431895,108.504027587015,,,,
Cc1noc(C)c1/N=N/c1ccccc1F,UBZMSRLJQRMEQR-UHFFFAOYSA-N,321.0,379.0450116540237,112.51799378783679,,,,
Fc1ccc(/N=N/c2ccccc2)cc1,GZMHQJVQKFZDLR-UHFFFAOYSA-N,322.0,405.10174401413417,81.62192637669892,367.0,466.0,326.0,
Cc1ccncc1/N=N/c1ccccc1,IJPMEQFEMAVAFG-UHFFFAOYSA-N,322.0,370.0074403597719,92.93747135667067,,,,
c1ccc(/N=N/c2cccnc2)cc1,IVVGFUBQYUHOKG-UHFFFAOYSA-N,322.0,430.9824487027723,86.52800241037792,,,,
Cc1cccc(/N=N/c2ccccc2)c1,VCCPFNMAICRKLQ-UHFFFAOYSA-N,322.0,393.72668903401114,82.6927297741653,347.0,,326.0,
CC(=O)c1ccc(N=Nc2cc[nH]n2)cc1,VUPCTRWGJXYJSI-UHFFFAOYSA-N,322.0,316.5586375903905,103.9682462833638,,,,
Cc1ccccc1/N=N/c1ccccc1,CFNRNHFKQPOFMH-UHFFFAOYSA-N,323.0,392.700563358986,85.72197284806866,349.0,,337.0,
CC(C)c1ccncc1/N=N/c1ccccc1,OZEGRNCJRBRJCI-UHFFFAOYSA-N,323.0,422.42148045689646,101.79394771640423,,,,
O=[N+]([O-])c1ccccc1/N=N/c1ccccc1[N+](=O)[O-],QARMSQRZTXVCAA-UHFFFAOYSA-N,323.0,406.3486248779958,82.57856500846269,354.0,,327.0,
Cc1noc(C)c1/N=N/c1ccc(Cl)cc1,RNGOLCHPRVGAPG-UHFFFAOYSA-N,323.0,425.36262445664926,105.3509734089287,,,,
Cc1ccc(/N=N/c2c(C)noc2C)cc1,YXPIBSZLTCUYQF-UHFFFAOYSA-N,323.0,455.0598048847267,103.13749048977981,,,,
Brc1ccc(/N=N/c2ccc(Br)cc2)cc1,LTPLLZWVPBTAMH-UHFFFAOYSA-N,324.0,428.86734034361194,79.60523527959917,366.0,,336.0,
Cc1noc(C)c1/N=N/c1ccc(F)cc1F,LTXNYLCIABTGAE-UHFFFAOYSA-N,324.0,409.97911668643314,120.02292632098656,,,,
c1ccc(N=Nc2cc[nH]n2)cc1,MRHYLMAOFZDURC-UHFFFAOYSA-N,324.0,303.5317506593576,98.65588994218679,,,,
Clc1ccc(/N=N/c2ccccc2)cc1,NJFDMENHTAYHMA-UHFFFAOYSA-N,324.0,396.86606071801697,79.14520784773211,348.0,,334.0,
Cc1noc(C)c1/N=N/c1ccc(Br)cc1,BXRZPJIPYRBAKC-UHFFFAOYSA-N,325.0,436.3517176299887,106.12409708487482,,,,
Cc1cn(C)nc1N=Nc1ccccc1,FIADAMNCJCPCND-UHFFFAOYSA-N,325.0,369.6235849964855,100.25577131490581,317.0,,,
Fc1ccc(/N=N/c2ccc(F)cc2)cc1,LPEOJAQIOYPHTK-UHFFFAOYSA-N,325.0,423.51212808044687,81.74165780809687,349.0,,327.0,
Cc1cc(C)c(/N=N/c2c(C)cc(C)cc2C)c(C)c1,NFOOWWPQFWDOIP-UHFFFAOYSA-N,325.0,431.91909984035686,83.83331055292801,344.0,,316.0,
Fc1ccccc1/N=N/c1ccccc1F,PMTXNUQIRPNAHA-UHFFFAOYSA-N,325.0,361.73021796117115,87.92124174493411,,,346.0,
Cc1noc(C)c1/N=N/c1ccccc1C#N,VYSSROJCFUXYQD-UHFFFAOYSA-N,325.0,447.7639989816524,110.99963036940967,,,,
Brc1ccccc1/N=N/c1ccccc1,MULAQBQFTFXRFO-UHFFFAOYSA-N,326.0,386.6477735332615,87.2397312247336,357.0,,331.0,
CC(=O)c1ccc(/N=N/c2ccccc2)cc1,UYXKSJRBCLSBNE-UHFFFAOYSA-N,326.0,368.1418223980682,80.1395948271733,360.0,,335.0,
Cc1ccc(/N=N/c2ccc(C)cc2)cc1,WNVWWDKUMKBZQV-UHFFFAOYSA-N,326.0,411.8694958145172,78.34701791431637,351.0,,339.0,
O=[N+]([O-])c1cccc(/N=N/c2ccccc2)c1,YDVWTPOYERGSCU-UHFFFAOYSA-N,327.0,360.8948212127811,85.29998794175837,340.0,,322.0,
O=C(O)c1ccc(N=Nc2cc[nH]n2)cc1,CRIXOWGAXLGDKQ-UHFFFAOYSA-N,328.0,308.8760923403546,105.98311571783596,,,,
Clc1ccccc1/N=N/c1ccccc1Cl,FIQUJBRQBIUISO-UHFFFAOYSA-N,328.0,385.8065017255942,83.52333193054963,362.0,,344.0,
Cn1cc(N=Nc2ccccc2)cn1,GZZDENQMAKNSOC-UHFFFAOYSA-N,328.0,371.63855425713916,95.76458435029761,318.0,328.0,305.0,
OCc1cccc(N=Nc2nc3ccccc3s2)c1,MPQXIHGEORANST-UHFFFAOYSA-N,328.0,435.9373632757124,91.05280389039464,,,,
Cc1nn(C)c(C)c1/N=N/c1c(Cl)cccc1Cl,NXKXTUQGAHYHQU-UHFFFAOYSA-N,328.0,401.06920250282167,100.0820283978516,,,294.0,
COC(=O)c1ccc(/N=N/c2ccccc2)cc1,SUFXZYCPKGRJIZ-UHFFFAOYSA-N,328.0,359.2600579916506,82.64805161273162,355.0,,331.0,
Fc1ccccc1N=Nc1cc[nH]n1,VDAIBFGXWBDZQE-UHFFFAOYSA-N,328.0,292.85783524811706,110.41505163827563,,,,
Cc1noc(C)c1/N=N/c1cc(F)ccc1F,VNEOWYGTDYFWTE-UHFFFAOYSA-N,328.0,437.7272645854969,112.8080889714884,,,,
Cc1nn(C)c(C)c1/N=N/c1c(F)cccc1F,XJLPMJRJBZCHIQ-UHFFFAOYSA-N,328.0,408.84040389050983,104.49832249217728,,,292.0,
O=C1C=CC(=O)N1c1ccc(/N=N/c2ccccc2)cc1,DVNPYLMPVFDKGZ-UHFFFAOYSA-N,329.0,390.32013596208014,92.91239517824593,356.0,,332.0,
Cc1c(Cl)cccc1/N=N/c1cccc(Cl)c1C,ITGXGGYRXNZDOO-UHFFFAOYSA-N,329.0,433.5923393169877,86.41328266300566,341.0,,325.0,
Brc1ccc(/N=N/c2ccccc2)cc1,SVJSEJOASMWXGQ-UHFFFAOYSA-N,329.0,416.44523592686767,79.35013675133104,355.0,463.0,329.0,
CC(=O)Nc1cccc(/N=N/c2c(C)n[nH]c2C)c1,ZHJXILVMTWBZBL-UHFFFAOYSA-N,329.0,406.75870955323484,108.59783261764443,,,,
Cc1ccc(/N=N/c2ccccc2)cc1,GIJSVMOPNUOZBC-UHFFFAOYSA-N,330.0,390.24217253718274,78.25858755747188,353.0,469.0,334.0,
Cc1n[nH]c(C)c1/N=N/c1cccc(O)c1,JBBITWOTUANBQE-UHFFFAOYSA-N,330.0,423.33159285547504,100.31551677772063,,,,
Cc1n[nH]c(C)c1/N=N/c1ccc(F)cc1,MTRAJAKFNYYYFQ-UHFFFAOYSA-N,330.0,445.9820575966438,101.80729658647459,,,,
Cc1ccc(O)c(/N=N/c2ccccc2)c1,NJOXSODFMZIZJD-UHFFFAOYSA-N,330.0,444.52202777901215,93.33223753245304,403.0,,309.0,
COc1cccc(/N=N/c2c(C)n[nH]c2C)c1,PCZPHZXECZSNAG-UHFFFAOYSA-N,330.0,405.04024984772764,101.75736316715233,,,,
Ic1ccncc1/N=N/c1ccccc1,RVRRUAOCNNMLCT-UHFFFAOYSA-N,330.0,412.04569797487096,100.14544455664371,,,,
Cc1noc(C)c1/N=N/c1ccc(I)cc1,WAUREJQUYNZJQH-UHFFFAOYSA-N,330.0,465.7231635581574,106.9549224610867,,,,
CCOC(=O)c1ccc(/N=N/c2cc[nH]n2)cc1,ANDRYPNVLQUBSU-UHFFFAOYSA-N,331.0,341.48817070643383,108.71470275484552,,,,
Brc1ccc(N=Nc2cc[nH]n2)cc1,GHOGBMITEKGTEG-UHFFFAOYSA-N,331.0,332.2416684219141,103.93803838150184,,,,
Cc1cccc(/N=N/c2cccc(C)c2)c1,HPSZIXYLILUGIP-UHFFFAOYSA-N,331.0,419.97982285526695,80.70870526616794,345.0,,330.0,
Cc1ccccc1/N=N/c1ccccc1C,LNXCQLYWNWAIRB-UHFFFAOYSA-N,331.0,406.9711092775872,82.74946512680732,365.0,,343.0,
Clc1ccc(/N=N/c2ccc(Cl)cc2)cc1,XHQLXCFUPJSGOE-UHFFFAOYSA-N,331.0,408.9514078228178,79.04478536850303,358.0,,340.0,
Cc1cccc(/N=N/c2c(C)n[nH]c2C)c1,XNMLGVIDUCVAKJ-UHFFFAOYSA-N,331.0,432.34795340927406,100.09678713565457,,,,
Cc1n[nH]c(C)c1/N=N/c1cccc(C(=O)O)c1,AZWSYSOUQBRVBO-UHFFFAOYSA-N,332.0,437.3059456499027,105.17194206862473,,,,
Cc1cc(C)cc(/N=N/c2ccccc2O)c1,FNIULCMADCCDQN-UHFFFAOYSA-N,332.0,430.0227391151111,92.84557683732109,345.0,,319.0,
Cc1n[nH]c(C)c1/N=N/c1cccc(C(F)(F)F)c1,HDVLKHVPTWYEOW-UHFFFAOYSA-N,332.0,410.15951983465595,109.73054586308298,,,,
Cc1ccc(N=Nc2cc[nH]n2)cc1,LTCRXBXPKPEHQX-UHFFFAOYSA-N,332.0,333.203698103342,101.89268752991572,,,,
COc1ccncc1/N=N/c1ccccc1,RYVDMYSPZLZTKS-UHFFFAOYSA-N,332.0,401.41092714777625,95.31125008505994,,,,
Cc1noc(C)c1/N=N/c1ccc([N+](=O)[O-])cc1,SNRCXNZQKHKBSH-UHFFFAOYSA-N,332.0,468.1020627538911,105.48164272761527,,,,
Cc1cccc(/N=N/c2cccc(C)c2C)c1C,YWNDOGNUMDQAEX-UHFFFAOYSA-N,332.0,428.2992078325963,88.51276655887405,342.0,,328.0,
O=[N+]([O-])c1ccc(/N=N/c2ccccc2)cc1,TZTDJBMGPQLSLI-UHFFFAOYSA-N,333.0,404.16331164109397,78.4957149903052,378.0,,344.0,
Cc1ccc(/N=N/c2ccc(C)c(C)c2)cc1C,WEVSWJHEFVKUSR-UHFFFAOYSA-N,333.0,452.43847840296246,82.75760718247841,356.0,,343.0,
Cc1n[nH]c(C)c1/N=N/c1ccc(C(F)(F)F)cc1,DMLLDKGREGWFEO-UHFFFAOYSA-N,334.0,410.1245548300052,106.98651114265235,,,,
Cc1n[nH]c(C)c1/N=N/c1cccc(F)c1,DYPGAESZJXSZHQ-UHFFFAOYSA-N,334.0,430.1291336763524,104.71826306647665,,,,
Cc1n[nH]c(C)c1/N=N/c1ccccc1F,OISIULUPZHVGLA-UHFFFAOYSA-N,334.0,366.3679775690941,107.84338784412053,,,,
O=[N+]([O-])c1ccc(/N=N/c2ccc([N+](=O)[O-])cc2)cc1,BYLJUTWUGSHKJB-UHFFFAOYSA-N,335.0,429.4737427312017,78.12895658681884,368.0,,344.0,
Cc1nn(C)c(C)c1N=Nc1ccccc1,DKJGFWFFQRMEBZ-UHFFFAOYSA-N,335.0,398.0887953572997,97.55595771757908,327.0,337.0,314.0,
Cc1n[nH]c(C)c1/N=N/c1ccccc1C(F)(F)F,NNWMOMOMBYSZID-UHFFFAOYSA-N,335.0,416.1874259820277,113.0127559086633,,,,
Cc1ccc(/N=N/c2c(C)n[nH]c2C)cc1,UDGHOTLHRKJELE-UHFFFAOYSA-N,335.0,437.8142909016227,97.91614769175865,,,,
Cc1n[nH]c(C)c1/N=N/c1cccc(Br)c1,VRPZSZJEAGOCCD-UHFFFAOYSA-N,335.0,446.9596884506587,104.47670303690428,,,,
Cc1n[nH]c(C)c1/N=N/c1cccc(Cl)c1,AKOJCOMEERCYHD-UHFFFAOYSA-N,336.0,402.3702804887842,98.76820288551926,,,,
Cc1n[nH]c(C)c1/N=N/c1ccc(Cl)cc1,LSJDQTFONKIVSI-UHFFFAOYSA-N,336.0,413.9785579539568,99.65186108811012,,,,
Cn1cnc(/N=N/c2ccccc2)c1,SVBOJUFXLRLJAC-UHFFFAOYSA-N,336.0,319.17337180360107,99.26700152531497,329.0,,,
Cc1ccccc1/N=N/c1c(C)n[nH]c1C,TWJKTVQDDQWBDB-UHFFFAOYSA-N,336.0,421.38468414517575,101.88114052980892,,,,
Cc1ccc(C)c(/N=N/c2cc(C)ccc2C)c1,VQXWBCZVCAOSHC-UHFFFAOYSA-N,336.0,517.7629594511951,90.40947997268157,370.0,,354.0,
COc1ccc(/N=N/c2c(C)noc2C)cc1,GQZVEJORSBYZAF-UHFFFAOYSA-N,337.0,425.1837916152725,104.30640863331753,,,,
Cc1n[nH]c(C)c1/N=N/c1ccc(Br)cc1,YNOOKMFOMDSECL-UHFFFAOYSA-N,337.0,443.735454687578,100.86854229740565,,,,
COc1cc(NC(C)=O)ccc1/N=N/c1ccc(NC(C)=O)cc1OC,NPTOORIORJTZFV-UHFFFAOYSA-N,338.0,421.1990768380701,101.51485456265108,,,,
Oc1ccc(/N=N/c2ccccc2)cc1,BEYOBVMPDRKTNR-UHFFFAOYSA-N,339.0,390.8963195996801,79.21543577447335,358.0,,346.0,
Cc1n[nH]c(C)c1/N=N/c1ccccc1Cl,VEIMNLRZDMZLLZ-UHFFFAOYSA-N,339.0,401.2816190725117,103.46549473766534,,,,
Cc1n[nH]c(C)c1/N=N/c1ccccc1Br,IAEFJQMOIVDJJH-UHFFFAOYSA-N,340.0,406.12697540152726,104.26299238478546,,,,
O=[N+]([O-])c1ccc(N=Nc2cc[nH]n2)cc1,SMUSYMZMHFKLBR-UHFFFAOYSA-N,340.0,334.5994304324389,104.70499381398679,,,,
Cc1cnn(C)c1N=Nc1ccccc1,WRANWCACSODHGM-UHFFFAOYSA-N,340.0,393.14174984884096,91.98599300903479,338.0,,,
Cn1nccc1N=Nc1ccccc1,WBXBKLPEWIIWHK-UHFFFAOYSA-N,341.0,388.80558399593787,87.29808138866382,333.0,,,
COc1ccc(/N=N/c2c(C)n[nH]c2C)cc1,CJXGVQLGAWTKFC-UHFFFAOYSA-N,342.0,407.2345933978597,98.93335032149113,,,,
Cc1n[nH]c(C)c1/N=N/c1ccc(C(=O)O)cc1,IIMBRQFSIBKCRX-UHFFFAOYSA-N,342.0,415.58703908059124,100.7521319214307,,,,
CC(=O)Nc1ccc(/N=N/c2c(C)noc2C)cc1,KHRONIHWYDYRAS-UHFFFAOYSA-N,342.0,490.1914785714634,113.73189400828538,,,,
COc1ccc(N=Nc2cc[nH]n2)cc1,BYUWEDOHNCZJMI-UHFFFAOYSA-N,344.0,309.35472970149146,101.40145956996109,,,,
COc1cc(NC(C)=O)cc(OC)c1/N=N/c1c(OC)cc(NC(C)=O)cc1OC,BHCFCTKJADSKDY-UHFFFAOYSA-N,345.0,454.3813373551155,98.54176331603946,,,,
Cc1c(/N=N/c2ccccc2)c(C)n(C)c1C,FHCZBPFXUXQPJE-UHFFFAOYSA-N,345.0,371.2555684142351,101.71994625311186,344.0,,,
Cc1ccc(/N=N/c2ccc(C)cc2C)c(C)c1,CYYXARGGNXTAAM-UHFFFAOYSA-N,346.0,494.4076244847497,88.73657277087146,374.0,,360.0,
Cc1cc(Cl)ccc1/N=N/c1ccc(Cl)cc1C,OZDRHNMGLLLVRU-UHFFFAOYSA-N,346.0,473.18006428434194,91.52157411750612,379.0,,360.0,
CC(=O)Nc1ccc(/N=N/c2ccccc2)cc1,WSHHPNYAXLDUTG-UHFFFAOYSA-N,346.0,439.8489504814651,85.05784324187985,371.0,,353.0,
CC(=O)Nc1ccc(/N=N/c2c(C)n[nH]c2C)cc1,MBCGWMPEYURWFS-UHFFFAOYSA-N,350.0,467.36908107685474,108.63114193438508,,,,
COc1ccccc1/N=N/c1c(C)n[nH]c1C,QCGISKLKAPGJMY-UHFFFAOYSA-N,350.0,399.3741640676243,104.36917865383903,,,,
Cc1cc(C)cc(/N=N/c2ccc(O)cc2)c1,AOWVHANEARLKEN-UHFFFAOYSA-N,351.0,404.1548600024218,86.79079251360912,375.0,,350.0,
Oc1ccc(/N=N/c2ccc(O)cc2)cc1,WKODVHZBYIBMOC-UHFFFAOYSA-N,355.0,416.4238229935364,78.92199727858959,382.0,,359.0,
CC(=O)Nc1ccc(/N=N/c2cc(C)ccc2O)cc1,PXOZAFXVEWKXED-UHFFFAOYSA-N,357.0,472.01258075587873,101.44382321841255,417.0,,379.0,
N#Cc1cccc(/N=N/c2cccs2)c1,JNOAFOOWRXYWPA-UHFFFAOYSA-N,362.0,399.1572338925251,99.22668583142,,,,
FC(F)(F)c1ccc(/N=N/c2cccs2)cc1,SZBNNEPURCYWIS-UHFFFAOYSA-N,362.0,400.3038413974791,101.9806284971164,,,,
Cc1noc(C)c1/N=N/c1cccc2ccccc12,WJRMGKZZYSCUHU-UHFFFAOYSA-N,362.0,440.9330640351163,105.80319932633908,,,,
Cn1cncc1/N=N/c1ccccc1,WVCNDLFWOJVXGP-UHFFFAOYSA-N,362.0,447.732958943485,94.11844242376262,343.0,,,
Cn1ccnc1/N=N/c1ccccc1,FLAQUJIURZWQSH-UHFFFAOYSA-N,363.0,394.94084686696755,93.35233953221574,342.0,,,
Cc1cc(/N=N/c2ccccc2)c(C)n1C,ZOQCNRPXMNAYFF-UHFFFAOYSA-N,363.0,334.9119911096589,96.84129914034592,359.0,,,
COc1cccc(/N=N/c2cccs2)c1,BFDWFYQJGPUFFK-UHFFFAOYSA-N,364.0,412.091904462582,100.00303408139777,,,,
Nc1ccc(/N=N/c2ccccc2)cc1,QPQKUYVSJWQSDY-UHFFFAOYSA-N,364.0,396.33098132540835,80.62688096824563,383.0,,370.0,
Cc1ccc(/N=N/c2cccs2)cc1,WTAKZSSRYXONRA-UHFFFAOYSA-N,365.0,396.7764897724546,94.33540104248578,,,,320.0
N#Cc1ccc(/N=N/c2ccccc2)s1,GVRSYOBJMBWILE-UHFFFAOYSA-N,367.0,433.34194788946013,96.5435510398264,,,,
N#Cc1ccc(/N=N/c2cccs2)cc1,CMLBRSMOBNIYHO-UHFFFAOYSA-N,370.0,406.66053628442614,98.28334727596442,,,,
COc1ccc(/N=N/c2cccs2)cc1,RXOGKDVOFBJAAG-UHFFFAOYSA-N,373.0,382.57920941772534,96.3030905123422,,,,
CCCn1cc(/N=N/c2ccc(C(C)(C)C)cc2)c(=O)[nH]c1=O,HCEVLFWSACAGKJ-UHFFFAOYSA-N,375.0,344.2955733252268,117.94218928345325,,,,
Cc1ccc(/N=N/c2ccc(C(F)(F)F)cc2)s1,GCBKMRBULBHDAY-UHFFFAOYSA-N,378.0,403.6669873135784,99.43079552390078,,,,
CCOC(=O)c1ccnc(/N=C/c2cc(/N=N/c3ccc([N+](=O)[O-])cc3)ccc2O)c1,JPAKTVBWENFOBF-UHFFFAOYSA-N,379.0,416.51651907236584,106.1245984322271,,,,
Cc1cc(/N=N/c2cc(C)c([N+](=O)[O-])c(C)c2)cc(C)c1N(C)C,GGOKTEDALSZHNT-UHFFFAOYSA-N,382.0,453.955748494579,97.30850731083423,524.0,,432.0,
N#CCCN(CCC#N)c1ccc(/N=N/c2ccccc2)cc1,RPUBRALRSRGYHS-UHFFFAOYSA-N,382.0,413.7830670030396,102.38509478011856,,,,
Cn1cccc1/N=N/c1ccccc1,TYYGNSUBSYLTHH-UHFFFAOYSA-N,385.0,419.5314464704445,89.11209531108936,351.0,359.0,340.0,
O=C(O)c1cc(/N=N/c2ccc([N+](=O)[O-])cc2)ccc1O,YVJPMMYYRNHJAU-UHFFFAOYSA-N,385.0,482.3215033141891,97.16563433083883,397.0,,360.0,
Cc1ccc(/N=N/c2ccc(C#N)cc2)s1,PEROVJZSHLRNHV-UHFFFAOYSA-N,387.0,420.2334229237947,94.79840253682443,,,,
CNc1ccc(/N=N/c2ccccc2)cc1,DKOXITJAUZNAPK-UHFFFAOYSA-N,390.0,381.62229944865595,85.53417999627254,400.0,,386.0,
Nc1ccc(N=Nc2cc[nH]n2)cc1,BWGOXBHIEJNXIQ-UHFFFAOYSA-N,391.0,343.88586117046447,104.96613405104559,,,,
Cc1cc(N(CCC#N)CCC#N)ccc1/N=N/c1ccccc1,MXNLJVBYCAJVKU-UHFFFAOYSA-N,392.0,473.6568874697266,113.18032911372076,,,,
N#CCCNc1ccc(/N=N/c2ccccc2)cc1,YNKHLNMMQNMWCP-UHFFFAOYSA-N,393.0,418.58368331240314,97.40454675554673,,,,
COc1ccccc1/N=N/c1ccc(NCCC#N)cc1,AXZSQGFVPUVWNM-UHFFFAOYSA-N,394.0,416.81177853068897,109.66108176586586,,,,
COc1ccc(/N=N/c2ccccc2)s1,OQNVGGNFXMOWRK-UHFFFAOYSA-N,394.0,442.88228990792913,93.60876662928467,,,,
Cc1cc(C)n(C)c1/N=N/c1ccccc1,TUIPAOCJHNBSIW-UHFFFAOYSA-N,394.0,353.582356287863,96.33270851661845,360.0,367.0,351.0,
COc1cccc(/N=N/c2ccc(NCCC#N)cc2)c1,TVMZYTVXMWZZKR-UHFFFAOYSA-N,394.0,428.0479185643171,106.7289305815746,,,,
Cc1ccc(/N=N/c2ccc(NCCC#N)cc2)cc1,VEWKUUVGJPBQSR-UHFFFAOYSA-N,395.0,426.94240029398384,99.56074312590408,,,,
COc1ccc(/N=N/c2ccc(NCCC#N)cc2)cc1,XVCJNMPQAARLFK-UHFFFAOYSA-N,395.0,426.44983840967393,100.62851092674327,,,,
CC(O)c1cccc(/N=N/c2ccc(NCCC#N)cc2)c1,QSWPIMUPACEFDE-UHFFFAOYSA-N,396.0,425.53793280955244,113.60071765042991,,,,
Cc1cc(NCCC#N)ccc1/N=N/c1ccccc1,UVYLENNKEMMPMR-UHFFFAOYSA-N,396.0,491.9672188200996,112.8075585796345,,,,
CN(CCC#N)c1ccc(/N=N/c2ccccc2)cc1,WKRPJRMGCMKTHF-UHFFFAOYSA-N,396.0,440.282214129727,103.12584542516183,,,,
N#CCCNc1ccc(/N=N/c2ccc(CCO)cc2)cc1,ZCJUABIYNLWKKB-UHFFFAOYSA-N,396.0,414.32417320502975,111.16069150452459,,,,
N#CCCN(CCO)c1ccc(/N=N/c2ccccc2)cc1,SEFNPODTENCKJX-UHFFFAOYSA-N,397.0,422.6805154096453,107.40468998978953,,,,
N#CCCNc1ccc(/N=N/c2ccc(F)cc2)cc1,CBRQSMVJWRSUTJ-UHFFFAOYSA-N,398.0,431.95539670325854,103.2229753904677,,,,
O=C(O)c1ccccc1/N=N/c1ccc(O)c2ncccc12,NMALKOSVANYSLY-UHFFFAOYSA-N,398.0,489.66800543385074,95.23110967912834,,,,
OCCNc1ccc(/N=N/c2ccccc2)cc1,ZWLSVAWZPDSXPJ-UHFFFAOYSA-N,398.0,466.82813532030116,91.54472736103779,,,,
Cc1ccc(/N=N/c2ccc(N(C)C)cc2C)c(C)c1,TYFZNSGZDJBFLG-UHFFFAOYSA-N,399.0,537.696235456284,99.04617429303944,426.0,,408.0,
N#CCCNc1ccc(/N=N/c2ccccc2CCO)cc1,YBFZCTVDARVWKV-UHFFFAOYSA-N,399.0,450.72308727414406,118.7427870676926,,,,
CCN(CCC#N)c1ccc(/N=N/c2ccccc2)cc1,ZJYMPFYWPPFOFI-UHFFFAOYSA-N,399.0,475.36505429677857,103.31548561470841,,,,
Oc1ccc(/N=N/c2ccccc2)c(O)c1,BPTKLSBRRJFNHJ-UHFFFAOYSA-N,400.0,368.48297846484263,93.15004000618616,382.0,,360.0,
Cc1ccccc1/N=N/c1ccc(N(C)C)cc1C,DEFNFSBSURXTQC-UHFFFAOYSA-N,400.0,501.5382894502921,98.1985455365278,424.0,,406.0,
Cc1ccc(O)c(/N=N/c2cc([N+](=O)[O-])cc([N+](=O)[O-])c2O)c1,FOKSPEFAGGJDHP-UHFFFAOYSA-N,400.0,438.50235935935984,112.50784732877302,476.0,,384.0,
Cc1ccc(/N=N/c2ccc(N(C)C)cc2)cc1,IPIZWPBCCYXHDW-UHFFFAOYSA-N,400.0,432.2160279375581,83.72463345670354,409.0,,389.0,
CCNc1ccc(/N=N/c2ccccc2)cc1,OCWXDBMTBDGKKE-UHFFFAOYSA-N,400.0,466.5128552673983,86.44680774366914,,,,
Cc1cccc(/N=N/c2ccc(NCCC#N)cc2)c1,QZYUMMUZTQSWEJ-UHFFFAOYSA-N,400.0,421.25772436520026,104.73352451581654,,,,
Cc1ccccc1/N=N/c1ccc(NCCC#N)cc1,XYSIBASCHUAUEN-UHFFFAOYSA-N,400.0,429.6570447592646,107.80954688124096,,,,
CC(=O)Nc1cc(C)cc(/N=N/c2cc([N+](=O)[O-])cc([N+](=O)[O-])c2O)c1O,YRAINWPKPRBSTH-UHFFFAOYSA-N,400.0,474.6416626955093,112.58183921867303,478.0,,402.0,
Cc1ccc(/N=N/c2ccc(N(CCO)CCC#N)cc2C)cc1,CDJCZRPYGDYXSC-UHFFFAOYSA-N,402.0,479.670297577313,121.24442569125996,,,,
c1cc(N2CCOCC2)ccc1/N=N/c1ccc(N2CCOCC2)cc1,SCCSBRLPUMFNPB-UHFFFAOYSA-N,402.0,355.5517805517787,85.98334287396747,,,,
Cc1cccc(/N=N/c2ccc(N(CCO)CCC#N)cc2C)c1,ZVGILKDSEKGHHR-UHFFFAOYSA-N,402.0,482.67569736477816,123.81766063567038,,,,
Cc1cc(N(CCO)CCC#N)ccc1/N=N/c1ccccc1,PLRMWCIMVMOELQ-UHFFFAOYSA-N,403.0,464.54669492373705,119.6596494317934,,,,
CC(=O)Nc1ccc(/N=N/c2ccc(NCCC#N)cc2)cc1,XRMZAKQLTUUINK-UHFFFAOYSA-N,403.0,452.4612515440857,106.60721943185746,,,,
N#CCCNc1ccc(/N=N/c2ccccc2F)cc1,GHAMZCMTMLKBFT-UHFFFAOYSA-N,404.0,399.98151405340144,112.92529174985557,,,,
N#CCCNc1ccc(/N=N/c2ccc(Cl)cc2)cc1,IGAPODPTMCMTIJ-UHFFFAOYSA-N,404.0,419.3162260842388,101.72456276685702,,,,
CCN(CCC#N)c1ccc(/N=N/c2ccccc2)c(C)c1,UMWXYMCVESSVQY-UHFFFAOYSA-N,404.0,532.1872249339278,114.40817521674603,,,,
Cc1cc(N(CCO)CCC#N)ccc1/N=N/c1cccc(C(C)O)c1,OBQGDGPUJVBSIC-UHFFFAOYSA-N,405.0,475.0339810564006,131.57720082568503,,,,
Cc1ccccc1/N=N/c1ccc(N(CCO)CCC#N)cc1C,QJSZQHCCYSOSRG-UHFFFAOYSA-N,405.0,458.0726166493861,121.6265261356044,,,,
N#CCCNc1ccc(/N=N/c2cccc(F)c2)cc1,BQVPDTLLUOLIBD-UHFFFAOYSA-N,406.0,417.80793477128196,108.16566982252122,,,,
Cc1cc(/N=N/c2ccc(N3CCCC3)c(C)c2)ccc1N1CCCC1,RBORGDDRVDGSBI-UHFFFAOYSA-N,406.0,428.99195633059395,97.43157496013423,,,,
COc1cccc(/N=N/c2ccc(N(CCO)CCC#N)cc2C)c1,GKCXKAWLZVBDKP-UHFFFAOYSA-N,407.0,491.1468058625037,126.33009209188678,,,,
CN(C)c1ccc(/N=N/c2ccc(F)cc2)cc1,OQJQPXJGJJPOEK-UHFFFAOYSA-N,407.0,433.6278473072863,87.73946547652089,437.0,,397.0,
OCCN(CCO)c1ccc(/N=N/c2ccccc2)cc1,YNXWXVHBJGJPPY-UHFFFAOYSA-N,407.0,436.4724311206289,89.13628429827092,,,,
CN(C)c1ccc(/N=N/c2ccccc2)cc1,JCYPECIVGRXBMO-UHFFFAOYSA-N,408.0,421.3778394477381,81.66468587061644,427.0,,397.0,
N#CCCNc1ccc(/N=N/c2ccccc2Cl)cc1,SSLCGVZJYOJRHX-UHFFFAOYSA-N,408.0,402.08539710239825,109.48531047426361,,,,
N#CCCNc1ccc(/N=N/c2cccc(Cl)c2)cc1,ZBUHJYXMDJZZGB-UHFFFAOYSA-N,408.0,395.6317865542046,102.5269434577721,,,,
COc1ccccc1/N=N/c1ccc(N(CCO)CCC#N)cc1C,BJOIVUVTMXFMAR-UHFFFAOYSA-N,409.0,437.3394901010422,126.06832669602025,,,,
CN(C)c1ccc(/N=N/c2ccc(N)cc2)cc1,BVRIUXYMUSKBHG-UHFFFAOYSA-N,410.0,450.9571532172253,88.02231034401665,446.0,,414.0,
CN(C)c1ccc(/N=N/c2ccccc2C(=O)O)cc1,CEQFOVLGLXCDCX-UHFFFAOYSA-N,410.0,434.7802711959839,97.8931178533242,465.0,,434.0,
Cc1cc(N(CCO)CCC#N)ccc1/N=N/c1cccc(Cl)c1,NZSSYNIFAJYONV-UHFFFAOYSA-N,410.0,467.0847959373338,122.20714238627977,,,,
c1cc(N2CCCCC2)ccc1/N=N/c1ccc(N2CCCCC2)cc1,XQHYRLCQHBXWQL-UHFFFAOYSA-N,410.0,432.63285890545393,88.02503886322539,,,,
Nc1ccc(/N=N/c2ccccc2)c(N)c1,IWRVPXDHSLTIOC-UHFFFAOYSA-N,411.0,426.17766464547134,97.3752248760687,404.0,,384.0,
Cc1cc(Cl)ccc1/N=N/c1ccc(N(C)C)cc1C,KVXCQJRZATXXOI-UHFFFAOYSA-N,411.0,520.2300330175158,102.15185590626372,433.0,,414.0,
CCN(CC)c1ccc(/N=N/c2ccc(C)cc2)cc1,PLMSBTMZGPIOAZ-UHFFFAOYSA-N,411.0,525.4108882607467,84.97017463938646,432.0,,403.0,
N#CCCNc1ccc(/N=N/c2ccc(C(F)(F)F)cc2)cc1,QSHDEVXECIDKRI-UHFFFAOYSA-N,411.0,416.2261290845397,109.0861980082003,,,,
c1ccc(/N=N/c2ccc(Nc3ccccc3)cc2)cc1,VXLFYNFOITWQPM-UHFFFAOYSA-N,411.0,410.33379119113755,83.28753526228944,439.0,,397.0,
Cc1cc(N(CCO)CCC#N)ccc1/N=N/c1ccccc1Cl,ADJBOLPBTZEBTB-UHFFFAOYSA-N,412.0,470.6489797345179,124.80738793832123,,,,
CCN(CC)c1ccc(/N=N/c2ccc(N)cc2)cc1,GJHHSJRCUUFBLO-UHFFFAOYSA-N,412.0,533.9806466438082,88.789666206784,449.0,,418.0,
CC(=O)c1ccc(/N=N/c2ccc(N(CCO)CCC#N)cc2C)cc1,NGVQFOJFVITKDY-UHFFFAOYSA-N,412.0,473.2522618836315,122.50266193011221,,,,
CCN(CC)c1ccc(/N=N/c2ccc(N3CCOCC3)c(C)c2)cc1,ZHQWZRLGBXWPQY-UHFFFAOYSA-N,412.0,460.11781281927244,108.18237007485473,,,,
Cc1cc(N(CCO)CCC#N)ccc1/N=N/c1ccc(Cl)cc1,YBPGDTWCEIWNJC-UHFFFAOYSA-N,413.0,476.72554538484286,123.38178868859794,,,,
COc1ccc(/N=N/c2ccc(C#N)cc2)s1,ZDGDAMJOQYPWBN-UHFFFAOYSA-N,413.0,457.6021727469149,98.91815169175065,,,,
Cc1cc(N(CCO)CCC#N)ccc1/N=N/c1cccc(Br)c1,WQTRVNBAVFVQQM-UHFFFAOYSA-N,414.0,485.9236085592531,127.34640440339518,,,,
Cc1cc(N(CCO)CCC#N)ccc1/N=N/c1cccc(F)c1,MGXFQBKDKSLDMS-UHFFFAOYSA-N,415.0,488.60656747053656,126.96131783044372,,,,
CCN(CC)c1ccc(/N=N/c2ccccc2)cc1,SJJISKLXUJVZOA-UHFFFAOYSA-N,416.0,509.17469277340126,82.12349068106883,431.0,,402.0,
CN(C)c1ccc(/N=N/c2ccc(Cl)cc2)cc1,WQWHNMIYCHFRJK-UHFFFAOYSA-N,416.0,427.7641305464703,85.76824383968497,435.0,,404.0,
Cc1cc(N(CCO)CCC#N)ccc1/N=N/c1ccccc1F,DEBAYHPPHFFTMD-UHFFFAOYSA-N,417.0,439.64158933121627,127.88775991669405,,,,
Nc1cccc(/N=N/c2ccccc2)c1,FOTUJFGXQAJEIJ-UHFFFAOYSA-N,417.0,472.73907637876613,87.57332174349088,429.0,,370.0,
CCN(CC)c1ccc(/N=N/c2ccc(N3CCOCC3)cc2)cc1,IOCCYENKFRNYFR-UHFFFAOYSA-N,417.0,473.35730517892705,93.56379357444382,,,,
Cc1cc(N(CCO)CCC#N)ccc1/N=N/c1ccccc1Br,OUJUGSWKLWXKEA-UHFFFAOYSA-N,417.0,474.5400165173892,123.96241514177649,,,,
Cc1cc(N(CCO)CCC#N)ccc1/N=N/c1cccc(C(F)(F)F)c1,NHFOQMKIOPFERT-UHFFFAOYSA-N,418.0,454.8658286093669,131.6667526817164,,,,
N#CCCNc1ccc(/N=N/c2cccc([N+](=O)[O-])c2)cc1,WOZPNHPOXCOSEU-UHFFFAOYSA-N,418.0,408.13199399454373,104.99884026755734,,,,
CN(C)c1ccc(/N=N/c2ccc(Br)cc2)cc1,GMAYRELXLJMMQU-UHFFFAOYSA-N,419.0,442.9788329021132,85.85503701365789,428.0,,404.0,
Cc1cc(N(CCO)CCC#N)ccc1/N=N/c1ccccc1C(F)(F)F,KEBQQAMOPGQMQS-UHFFFAOYSA-N,419.0,465.4879407680726,132.45637346741572,,,,
CN(C)c1ccc(/N=N/c2cccc([N+](=O)[O-])c2)cc1,BISWHFCOHYEFQW-UHFFFAOYSA-N,420.0,419.75444091832475,93.735827666949,419.0,,400.0,
CCc1nnc(/N=N/c2c(C)[nH]c3ccccc23)s1,JKKFJKNDZATIFI-UHFFFAOYSA-N,420.0,421.3456215393795,102.77350080982825,,,,
CCN(CC)c1ccc(/N=N/c2ccc(N(C)C)cc2)cc1,QXXCXRVTDLNQRA-UHFFFAOYSA-N,420.0,544.2741042979554,87.13967002591943,464.0,,430.0,
CCN(CC)c1ccc(/N=N/c2ccc(N3CCCCC3)cc2)cc1,YFZDNQPNMDVGFO-UHFFFAOYSA-N,420.0,543.2432161566438,94.67512733548779,,,,
Cc1cc(N(CCO)CCC#N)ccc1/N=N/c1ccc(C(F)(F)F)cc1,RUKKMYNOYQXTLL-UHFFFAOYSA-N,421.0,470.60437655633325,129.82034901382232,,,,
N#CCCNc1ccc(/N=N/c2ccccc2[N+](=O)[O-])cc1,CMPBUPIQYMXAQL-UHFFFAOYSA-N,422.0,412.87245787128376,109.45139463608305,,,,
CCN(CC)c1ccc(/N=N/c2ccc(N3CCOCC3)c(OC)c2)cc1,DXOSJVMCWCJLBN-UHFFFAOYSA-N,422.0,480.40173207100304,110.2669653922364,,,,
Cc1cc(N(CCO)CCC#N)ccc1/N=N/c1cccc([N+](=O)[O-])c1,PFOAKYIEXOUINP-UHFFFAOYSA-N,424.0,461.3384496105095,127.18400090694604,,,,
Cc1cc(N(C)C)ccc1/N=N/c1cc([N+](=O)[O-])ccc1C,PTAQEYYALHTBAI-UHFFFAOYSA-N,425.0,605.1795841395347,108.00769233686457,434.0,,417.0,
CCN(CC)c1ccc(/N=N/c2ccc(N(CC)CC)cc2)cc1,ULWJZUJIVQSWSQ-UHFFFAOYSA-N,426.0,533.309597348908,81.66918323253213,467.0,,434.0,
CN(C)c1ccc(/N=N/c2ccc(C(F)(F)F)cc2)cc1,HUUYCTQBVFYZFN-UHFFFAOYSA-N,427.0,447.2123688254285,92.1245085964865,443.0,,408.0,
N#CCCNc1ccc(/N=N/c2ccc(C#N)cc2)cc1,ZWEYHSRLVHLSOD-UHFFFAOYSA-N,428.0,417.90869034278325,101.84106078942165,,,,
Cc1cc(N(CCO)CCC#N)ccc1/N=N/c1ccccc1[N+](=O)[O-],MAWDAVPZEGMBRP-UHFFFAOYSA-N,429.0,466.54737154183874,124.7206478058167,,,,
N#CCCNc1ccc(/N=N/c2ccccc2C#N)cc1,MDJZSVRIBMFZKF-UHFFFAOYSA-N,429.0,444.88804986660375,109.58865557998917,,,,
c1ccc2oc(/N=N/c3nc4ccccc4o3)nc2c1,BMQVAXDSEOMPEK-UHFFFAOYSA-N,430.0,472.30662475349897,91.59629243794134,,,,
c1cc(N2CCCC2)ccc1/N=N/c1ccc(N2CCCC2)cc1,PKXRKGIDQPFNRW-UHFFFAOYSA-N,431.0,417.25350094371845,86.05416064069342,,,,
N#CCCN(CCC#N)c1ccc(/N=N/c2ccc([N+](=O)[O-])cc2)cc1,GBDZJIRSFAYQLT-UHFFFAOYSA-N,432.0,423.2647326042919,106.25863342147979,,,,
O=[N+]([O-])c1ccc(/N=N/c2ccc(O)cc2O)cc1,NGPGYVQZGRJHFJ-UHFFFAOYSA-N,432.0,403.73860898473,96.40158218875243,436.0,,395.0,
Cc1cc(N(CCO)CCC#N)ccc1/N=N/c1ccc(S(C)(=O)=O)cc1,ATNZPLWKEJMGAQ-UHFFFAOYSA-N,434.0,550.7061762109669,125.42203028283743,,,,
Cc1cc(N(CCO)CCC#N)ccc1/N=N/c1ccc(C#N)cc1,HYRZJQBJQVBHIN-UHFFFAOYSA-N,437.0,472.57599313366387,123.74313139467405,,,,
Cc1cc(N(CCO)CCC#N)ccc1/N=N/c1ccccc1C#N,MSBVPFZFZYIJMO-UHFFFAOYSA-N,438.0,471.9187344919708,125.24159579176758,,,,
Cn1c(/N=N/c2nc3ccccc3n2C)nc2ccccc21,PHXYAMQGCPVXMC-UHFFFAOYSA-N,439.0,388.0062232458949,92.28408527919515,,,,
CN(C)c1ccc(/N=N/c2ccccc2[N+](=O)[O-])cc1,AZQHHHBFJVTYJU-UHFFFAOYSA-N,440.0,435.21121288790744,93.28432301638918,501.0,,434.0,
Cc1cc(N(CCC#N)CCC#N)ccc1/N=N/c1ccc([N+](=O)[O-])cc1,BIZPYDZJGRXSQV-UHFFFAOYSA-N,441.0,507.7240935950291,117.11205433645551,,,,
Nc1ccc(/N=N/c2ccc([N+](=O)[O-])cc2)cc1,UNBOSJFEZZJZLR-UHFFFAOYSA-N,441.0,451.34687190245813,83.77567816035469,493.0,,435.0,
COC(=O)c1ccc(/N=N/c2ccc(N(C)C)cc2)cc1,JTFDDDDHFROPQU-UHFFFAOYSA-N,442.0,409.88006779422057,88.81177764940233,457.0,,419.0,
CCN(CC)c1ccc(/N=N/c2cccc(C#N)c2)cc1,JWMZWVMYRCQPIE-UHFFFAOYSA-N,446.0,491.96146276416664,92.03144798823456,444.0,,407.0,
CN(CCC#N)c1ccc(/N=N/c2ccc([N+](=O)[O-])cc2)cc1,GYBDRUAPPXYFAN-UHFFFAOYSA-N,448.0,442.010679627423,107.3786304378994,,,,
N#CCCNc1ccc(/N=N/c2ccc([N+](=O)[O-])cc2)cc1,WJKJAMXQXZNCTQ-UHFFFAOYSA-N,449.0,429.1085640727196,101.45414417814193,511.0,,448.0,
Cc1cc(NCCC#N)ccc1/N=N/c1ccc([N+](=O)[O-])cc1,GIKFKUDPWMIREB-UHFFFAOYSA-N,451.0,519.7183174815066,116.82931072520708,,,,
N#CCCN(CCO)c1ccc(/N=N/c2ccc([N+](=O)[O-])cc2)cc1,OGHAROMWUKGSDP-UHFFFAOYSA-N,451.0,423.63619967492383,109.85160370680191,,,,
COc1cc(/N=N/c2ccc(N3CCCC3)c(OC)c2)ccc1N1CCCC1,BOVOWEAUJSHWLR-UHFFFAOYSA-N,452.0,453.62256862430763,99.28552070795699,,,,
Cc1cc(N(C)C)ccc1/N=N/c1ccc([N+](=O)[O-])cc1C,VPMYEZJCLGVDEL-UHFFFAOYSA-N,452.0,563.4423178752024,101.65696520621351,490.0,,451.0,
CCN(CCC#N)c1ccc(/N=N/c2ccc([N+](=O)[O-])cc2)cc1,ZSPPPAFDNHYXNW-UHFFFAOYSA-N,452.0,463.7099573191205,106.40414639407301,,,,
CN(C)c1ccc(/N=N/c2ccc(N(C)C)cc2)cc1,NMTGSDIMWJJCNO-UHFFFAOYSA-N,455.0,441.6293343677947,81.29773473112179,461.0,,427.0,
Cc1cc(N(CCO)CCC#N)ccc1/N=N/c1ccc([N+](=O)[O-])cc1,PIBTYZGGTBGGCN-UHFFFAOYSA-N,461.0,488.35363981990514,122.40664795454914,,,,
CCN(CC)c1ccc(/N=N/c2ccccc2C#N)cc1,ZUQMJRFXPPTOGU-UHFFFAOYSA-N,462.0,507.86558773166627,96.67641916886072,453.0,,422.0,
CCN(CCC#N)c1ccc(/N=N/c2ccc([N+](=O)[O-])cc2)c(C)c1,GEXDFMFTBZZOAT-UHFFFAOYSA-N,463.0,546.8801224344569,117.87894621286291,,,,
CNc1ccc(/N=N/c2ccc([N+](=O)[O-])cc2)cc1,LBDBENXNLQAQKL-UHFFFAOYSA-N,464.0,426.897216010083,88.24056860877036,,,,
CCN(CC)c1ccc(/N=N/c2ccc(C#N)cc2)cc1,UBVTXOYOGDEDBU-UHFFFAOYSA-N,466.0,515.6702665466518,87.96477454146444,465.0,,428.0,
CCNc1ccc(/N=N/c2ccc([N+](=O)[O-])cc2)cc1,XJZYJVIOTQBZNG-UHFFFAOYSA-N,468.0,478.5774975056126,90.58812752430248,,,,
CN(C)c1ccc(/N=N/c2ccc([N+](=O)[O-])cc2)cc1,LSFRFLVWCKLQTO-UHFFFAOYSA-N,473.0,457.8257374023154,85.06940349743238,522.0,,451.0,
O=[N+]([O-])c1ccc(/N=N/c2ccc(N(CCO)CCO)cc2)cc1,GHDZRIQTRDZCMV-UHFFFAOYSA-N,475.0,452.778339853487,90.04584571198662,,,,
CCN(CC)c1ccc(/N=N/c2cc(C#N)cc(C#N)c2)cc1,NBJRFOPLYKOOMV-UHFFFAOYSA-N,478.0,538.159404835258,93.67273325275282,459.0,,422.0,
O=[N+]([O-])c1ccc(/N=N/c2ccc(NCCO)cc2)cc1,LWBSCZRRCBRJPN-UHFFFAOYSA-N,483.0,470.35063479449315,95.68142066126057,532.0,,462.0,
O=[N+]([O-])c1ccc(/N=N/c2ccc(Nc3ccccc3)cc2)cc1,YFVXLROHJBSEDW-UHFFFAOYSA-N,483.0,414.0725774468107,88.04827588979643,536.0,,452.0,
CCN(CC)c1ccc(/N=N/c2ccc([N+](=O)[O-])cc2)cc1,LVQIWDUSUJTZJF-UHFFFAOYSA-N,485.5,519.4172963954898,84.3541050239577,528.0,,458.0,
COc1cc(/N=N/c2ccc([N+](=O)[O-])cc2)ccc1N,UXLCBMUEIPAQSZ-UHFFFAOYSA-N,488.0,441.23582101598504,93.69001923324747,,,,
Nc1cc(N)c(/N=N/c2cc([N+](=O)[O-])cc([N+](=O)[O-])c2O)cc1Cl,HCOPKOHYVNROPN-UHFFFAOYSA-N,492.0,453.2222139828836,116.81391836297159,525.0,,460.0,
CCN(CC)c1ccc(/N=N/c2ccc([N+](=O)[O-])cc2)cc1OC,RZFDENCBONFJJO-UHFFFAOYSA-N,492.0,451.2067662627728,103.15521695286634,,,,
CCN(CC)c1ccc(/N=N/c2cc(C#N)ccc2C#N)cc1,QIMBHWMIZJBDOP-UHFFFAOYSA-N,495.0,501.38175907310523,102.13803966558315,472.0,,437.0,
CCN(CC)c1ccc(/N=N/c2ccc(C#N)c(C#N)c2)cc1,OQBKTWNTCNXQGU-UHFFFAOYSA-N,500.0,565.5674640136865,95.45415106810624,496.0,,447.0,
CCN(CC)c1ccc(/N=N/c2c(C#N)cccc2C#N)cc1,SYFLONWKJKBXND-UHFFFAOYSA-N,503.0,513.0419082701421,97.56201445755501,465.0,,431.0,
CCN(CC)c1ccc(/N=N/c2ccc([N+](=O)[O-])cc2)c(OC)c1,WGLRXPVPCZACSE-UHFFFAOYSA-N,503.0,547.7573894672141,101.56218264028944,,,,
CCN(CC)c1ccc(/N=N/c2ccc([N+](=O)[O-])cc2Cl)cc1,CHHPPGYOSWRCKO-UHFFFAOYSA-N,512.0,538.9879200830593,96.22047855503078,,,,
CCN(CC)c1ccc(/N=N/c2ccc(C#N)cc2C#N)cc1,IDYHLELKYDVLBR-UHFFFAOYSA-N,515.0,516.170909289824,102.16642681887923,484.0,,453.0,
CCN(CC)c1ccc(/N=N/c2ccc([N+](=O)[O-])cc2Cl)cc1OC,ZDDHSPOHYDCBTH-UHFFFAOYSA-N,518.0,485.75869232645306,113.69929147959357,,,,
CCN(CC)c1ccc(/N=N/c2ccc([N+](=O)[O-])cc2Cl)c(OC)c1,GJNPZAJZMIRORR-UHFFFAOYSA-N,526.0,537.3079990230225,105.6237613502292,,,,
CCN(CC)c1ccc(/N=N/c2ccc([N+](=O)[O-])cc2[N+](=O)[O-])cc1,MZKPZDRFDHZNND-UHFFFAOYSA-N,532.0,543.5300222227036,98.65834813529561,,,,
N#Cc1c(N)sc(/N=N/c2nc3ccc([N+](=O)[O-])cc3s2)c1-c1ccc(Cl)cc1,XLZIWASNZJKJJO-UHFFFAOYSA-N,535.0,441.2492412902052,101.75470383224031,,,,
CCN(CC)c1ccc(/N=N/c2c(Br)cc([N+](=O)[O-])cc2[N+](=O)[O-])cc1,BFGFQZGQEMFILO-UHFFFAOYSA-N,540.0,507.7814154910217,108.46191269689048,,,,
CCN(CC)c1ccc(/N=N/c2ccc([N+](=O)[O-])cc2[N+](=O)[O-])cc1OC,OHKVANLFLUAKQV-UHFFFAOYSA-N,540.0,484.0558734257205,112.69399682811225,,,,
CCN(CC)c1ccc(/N=N/c2ccc([N+](=O)[O-])cc2C#N)cc1,IQVHLIMILWPTRL-UHFFFAOYSA-N,542.0,558.8869230858152,103.02387725288119,,,,
N#CC1C(N)SC(/N=N/c2nc3ccc([N+](=O)[O-])cc3s2)C1C1CCCCC1,FHTQZBKKHJOGNB-UHFFFAOYSA-N,545.0,411.52942588964925,120.74935562371475,,,,
CCN(CC)c1ccc(/N=N/c2ccc([N+](=O)[O-])cc2[N+](=O)[O-])c(OC)c1,PQPBGWOJJRWGJF-UHFFFAOYSA-N,545.0,531.7121959228103,104.74046160588436,,,,
CCN(CC)c1ccc(/N=N/c2c(Br)cc([N+](=O)[O-])cc2[N+](=O)[O-])cc1OC,LEPJPSHAIUNQDD-UHFFFAOYSA-N,549.0,466.21942451493436,119.14211412743853,,,,
COC1CCC(C2C(/N=N/c3nc4ccc([N+](=O)[O-])cc4s3)SC(N)C2C#N)CC1,TYDPYRYBDDWXMQ-UHFFFAOYSA-N,550.0,399.9607418358156,122.80489905338106,,,,
CCN(CC)c1ccc(/N=N/c2c(Cl)cc([N+](=O)[O-])cc2C#N)cc1,NQRFRUSBJBMVOJ-UHFFFAOYSA-N,551.0,576.3213607405461,103.68184070730864,,,,
CCN(CC)c1ccc(/N=N/c2c(Br)cc([N+](=O)[O-])cc2[N+](=O)[O-])c(OC)c1,YFZBTAMPWSWRBC-UHFFFAOYSA-N,554.0,523.2141280965825,117.47170572551119,,,,
CCN(CC)c1ccc(/N=N/c2ccc([N+](=O)[O-])cc2C#N)c(OC)c1,AHWCWVFNVZKPHX-UHFFFAOYSA-N,555.0,558.4553736806918,109.30100230276021,,,,
CCN(CC)c1ccc(/N=N/c2ccc([N+](=O)[O-])cc2C#N)cc1OC,DVWLCFAWPIPWDP-UHFFFAOYSA-N,555.0,515.3364549624443,116.63614625990276,,,,
CCN(CC)c1ccc(/N=N/c2c(C#N)cc(C#N)cc2C#N)c(C)c1,UOKBRCOVIMBTQQ-UHFFFAOYSA-N,562.0,558.9514437821754,108.95281606273848,496.0,,483.0,
CCN(CC)c1ccc(/N=N/c2c(Cl)cc([N+](=O)[O-])cc2C#N)c(OC)c1,VGFOBXIAEUSIRU-UHFFFAOYSA-N,565.0,592.2875529706286,114.51682089488254,,,,
CCN(CC)c1ccc(/N=N/c2c(Cl)cc([N+](=O)[O-])cc2C#N)cc1OC,LTTSNXDTHQLFRP-UHFFFAOYSA-N,573.0,532.1757375633063,116.50569980519768,,,,
CCN(CC)c1ccc(/N=N/c2c(C#N)cc([N+](=O)[O-])cc2C#N)cc1,CHHFVXMREVWSSF-UHFFFAOYSA-N,592.0,551.7617311574033,101.47957609566674,,,,
CCN(CC)c1ccc(/N=N/c2c(C#N)cc([N+](=O)[O-])cc2C#N)c(OC)c1,UKLOVIZILBCTFK-UHFFFAOYSA-N,601.0,570.6778259174408,112.21412913606531,,,,
CCN(CC)c1ccc(/N=N/c2c(C#N)cc([N+](=O)[O-])cc2C#N)cc1OC,WOKBGTMVVOBZFT-UHFFFAOYSA-N,623.0,509.5061786515837,114.14915327686899,,,,
